GROUP,PACKAGE,CLASS,INSTRUCTION_MISSED,INSTRUCTION_COVERED,BRANCH_MISSED,BRANCH_COVERED,LINE_MISSED,LINE_COVERED,COMPLEXITY_MISSED,COMPLEXITY_COVERED,METHOD_MISSED,METHOD_COVERED
blade-core,com.hellokaton.blade.mvc.multipart,FileItem,382,0,52,0,28,0,51,0,25,0
blade-core,com.hellokaton.blade.mvc.multipart,MimeType,11,0,0,0,2,0,2,0,2,0
blade-core,com.hellokaton.blade.mvc.multipart,MimeType.new HashMap() {...},623,0,0,0,126,0,1,0,1,0
blade-core,com.hellokaton.blade.task,TaskStruct,212,0,38,0,5,0,32,0,13,0
blade-core,com.hellokaton.blade.task,Task,313,0,46,0,19,0,42,0,19,0
blade-core,com.hellokaton.blade.task,TaskManager,103,0,4,0,27,0,9,0,7,0
blade-core,com.hellokaton.blade.task,TaskContext,14,0,0,0,6,0,3,0,3,0
blade-core,com.hellokaton.blade.ioc.reader,AbstractClassReader,281,0,48,0,44,0,31,0,7,0
blade-core,com.hellokaton.blade.ioc.reader,ClassPathClassReader,3,0,0,0,1,0,1,0,1,0
blade-core,com.hellokaton.blade.ioc.reader,JarReaderImpl,271,0,52,0,53,0,33,0,7,0
blade-core,com.hellokaton.blade.test,BladeTestRunner.new Statement() {...},25,0,0,0,4,0,2,0,2,0
blade-core,com.hellokaton.blade.test,BladeTestRunner.new Statement() {...},13,0,0,0,3,0,2,0,2,0
blade-core,com.hellokaton.blade.test,BladeTestRunner.new Statement() {...},13,0,0,0,3,0,2,0,2,0
blade-core,com.hellokaton.blade.test,BladeTestRunner.new Statement() {...},17,0,0,0,4,0,2,0,2,0
blade-core,com.hellokaton.blade.test,BladeTestRunner,113,0,6,0,25,0,8,0,5,0
blade-core,com.hellokaton.blade.mvc.handler,ParamStruct,37,0,0,0,1,0,2,0,2,0
blade-core,com.hellokaton.blade.mvc.handler,ParamStruct.ParamStructBuilder,134,0,0,0,1,0,13,0,13,0
blade-core,com.hellokaton.blade.mvc.handler,SessionHandler,154,0,12,0,37,0,10,0,4,0
blade-core,com.hellokaton.blade.mvc.handler,ExceptionHandler,13,0,4,0,4,0,3,0,1,0
blade-core,com.hellokaton.blade.mvc.handler,RouteActionArguments,868,0,160,0,186,0,97,0,17,0
blade-core,com.hellokaton.blade.mvc.handler,DefaultExceptionHandler,430,0,32,0,87,0,25,0,9,0
blade-core,com.hellokaton.blade.mvc.ui,ModelAndView,88,0,0,0,24,0,11,0,11,0
blade-core,com.hellokaton.blade.mvc.ui,HtmlCreator,265,0,0,0,56,0,24,0,24,0
blade-core,com.hellokaton.blade.mvc.ui,ResponseType,106,0,0,0,12,0,4,0,4,0
blade-core,com.hellokaton.blade.mvc.ui,RestResponse,310,0,36,0,28,0,46,0,28,0
blade-core,com.hellokaton.blade.mvc.route.mapping.dynamic,TrieMapping.Node.NodeBuilder,27,23,0,0,0,1,2,4,2,4
blade-core,com.hellokaton.blade.mvc.route.mapping.dynamic,TrieMapping.new Iterator() {...},0,85,1,9,0,13,1,7,0,3
blade-core,com.hellokaton.blade.mvc.route.mapping.dynamic,TrieMapping.Node,121,106,17,9,24,18,18,13,6,11
blade-core,com.hellokaton.blade.mvc.route.mapping.dynamic,TrieMapping.ChildType,0,34,0,0,0,4,0,1,0,1
blade-core,com.hellokaton.blade.mvc.route.mapping.dynamic,RegexMapping,340,0,36,0,75,0,29,0,11,0
blade-core,com.hellokaton.blade.mvc.route.mapping.dynamic,TrieMapping,68,174,24,21,21,48,21,9,2,5
blade-core,com.hellokaton.blade.mvc.route.mapping.dynamic,TrieMapping.NodeType,0,34,0,0,0,4,0,1,0,1
blade-core,com.hellokaton.blade.exception,InternalErrorException,11,0,0,0,4,0,2,0,2,0
blade-core,com.hellokaton.blade.exception,NotFoundException,6,0,0,0,2,0,1,0,1,0
blade-core,com.hellokaton.blade.exception,HttpParseException,16,0,0,0,7,0,4,0,4,0
blade-core,com.hellokaton.blade.exception,ForbiddenException,11,0,0,0,4,0,2,0,2,0
blade-core,com.hellokaton.blade.exception,BadRequestException,11,0,0,0,4,0,2,0,2,0
blade-core,com.hellokaton.blade.exception,TemplateException,13,0,0,0,6,0,3,0,3,0
blade-core,com.hellokaton.blade.exception,MethodNotAllowedException,6,0,0,0,2,0,1,0,1,0
blade-core,com.hellokaton.blade.exception,ValidatorException,10,4,0,0,4,2,2,1,2,1
blade-core,com.hellokaton.blade.task.cron,CronThreadPoolExecutor,78,0,8,0,21,0,7,0,3,0
blade-core,com.hellokaton.blade.task.cron,CronExpression,3523,0,595,0,837,0,342,0,33,0
blade-core,com.hellokaton.blade.task.cron,CronExpression.ValueSet,6,0,0,0,1,0,1,0,1,0
blade-core,com.hellokaton.blade.event,EventType,84,0,0,0,9,0,1,0,1,0
blade-core,com.hellokaton.blade.event,EventManager,49,0,0,0,10,0,6,0,6,0
blade-core,com.hellokaton.blade.event,Event,28,0,0,0,7,0,5,0,5,0
blade-core,com.hellokaton.blade.ioc,SimpleIoc,77,219,7,15,21,48,10,21,4,16
blade-core,com.hellokaton.blade.ioc,DynamicContext,98,0,12,0,27,0,13,0,7,0
blade-core,com.hellokaton.blade.mvc.http,EmptyBody,15,0,0,0,4,0,4,0,4,0
blade-core,com.hellokaton.blade.mvc.http,StringBody,19,0,0,0,5,0,3,0,3,0
blade-core,com.hellokaton.blade.mvc.http,ChannelBody,33,0,0,0,7,0,3,0,3,0
blade-core,com.hellokaton.blade.mvc.http,Cookie,73,0,0,0,29,0,15,0,15,0
blade-core,com.hellokaton.blade.mvc.http,StaticFileBody,22,0,0,0,7,0,5,0,5,0
blade-core,com.hellokaton.blade.mvc.http,ByteBody,78,0,2,0,24,0,9,0,8,0
blade-core,com.hellokaton.blade.mvc.http,Response,103,0,18,0,29,0,18,0,9,0
blade-core,com.hellokaton.blade.mvc.http,Request,689,0,114,0,116,0,98,0,41,0
blade-core,com.hellokaton.blade.mvc.http,RawBody,22,0,0,0,9,0,5,0,5,0
blade-core,com.hellokaton.blade.mvc.http,Session,4,0,0,0,2,0,1,0,1,0
blade-core,com.hellokaton.blade.mvc.http,ViewBody,22,0,0,0,7,0,5,0,5,0
blade-core,com.hellokaton.blade.mvc.http,HttpResponse,461,0,36,0,93,0,47,0,29,0
blade-core,com.hellokaton.blade.mvc.http,HttpMethod,0,124,0,0,0,2,0,1,0,1
blade-core,com.hellokaton.blade.mvc.http,HttpSession,92,0,2,0,25,0,18,0,17,0
blade-core,com.hellokaton.blade.mvc.http,HttpRequest,834,0,90,0,203,0,83,0,38,0
blade-core,com.hellokaton.blade.validator,ValidationResult,167,66,27,3,7,11,25,9,11,8
blade-core,com.hellokaton.blade.validator,SimpleValidation,0,26,0,2,0,3,0,4,0,3
blade-core,com.hellokaton.blade.validator,Validation,17,17,2,2,3,3,3,3,2,2
blade-core,com.hellokaton.blade.validator,Validators,35,337,4,8,2,41,7,27,3,25
blade-core,com.hellokaton.blade.watcher,EnvironmentWatcher,131,0,16,0,31,0,11,0,3,0
blade-core,com.hellokaton.blade.mvc.route,Route,417,150,79,3,17,33,59,14,19,13
blade-core,com.hellokaton.blade.mvc.route,PathBuilderMeta.PathBuilderMetaBuilder,50,0,0,0,1,0,6,0,6,0
blade-core,com.hellokaton.blade.mvc.route,Route.RouteBuilder,90,54,1,1,0,1,8,6,7,6
blade-core,com.hellokaton.blade.mvc.route,RouteStruct.RouteStructBuilder,134,0,0,0,1,0,13,0,13,0
blade-core,com.hellokaton.blade.mvc.route,PathRegexBuilder,139,0,12,0,36,0,12,0,6,0
blade-core,com.hellokaton.blade.mvc.route,PathBuilderMeta,182,0,30,0,5,0,27,0,12,0
blade-core,com.hellokaton.blade.mvc.route,RouteStruct,159,0,30,0,35,0,21,0,6,0
blade-core,com.hellokaton.blade.mvc.route,RouteBuilder,298,0,20,0,66,0,16,0,6,0
blade-core,com.hellokaton.blade.mvc.route,RouteMatcher,91,517,23,21,26,106,19,36,2,31
blade-core,com.hellokaton.blade.mvc.route,PathBuilderMeta.PathTypeEnum,34,0,0,0,2,0,1,0,1,0
blade-core,com.hellokaton.blade.kit.reload,FileChangeDetector.new SimpleFileVisitor() {...},12,0,0,0,3,0,2,0,2,0
blade-core,com.hellokaton.blade.kit.reload,FileChangeDetector,181,0,6,0,36,0,10,0,7,0
blade-core,com.hellokaton.blade.kit,BladeCache,26,93,1,1,6,19,4,2,3,2
blade-core,com.hellokaton.blade.kit,BladeKit,615,162,66,15,114,25,63,12,26,5
blade-core,com.hellokaton.blade.kit,WebKit,68,0,20,0,13,0,12,0,2,0
blade-core,com.hellokaton.blade.kit,IocKit,232,0,16,0,47,0,21,0,13,0
blade-core,com.hellokaton.blade.kit,MimeTypeKit,47,0,8,0,13,0,7,0,3,0
blade-core,com.hellokaton.blade.mvc.route.mapping,FastRouteMappingInfo,132,0,22,0,4,0,20,0,9,0
blade-core,com.hellokaton.blade.mvc.route.mapping,StaticMapping,66,0,4,0,15,0,7,0,5,0
blade-core,com.hellokaton.blade.mvc,WebContext,109,0,4,0,39,0,23,0,21,0
blade-core,com.hellokaton.blade.mvc,RouteContext,318,0,4,0,82,0,59,0,57,0
blade-core,com.hellokaton.blade.mvc,BladeConst,38,0,0,0,7,0,1,0,1,0
blade-core,com.hellokaton.blade.options,HttpOptions,105,0,0,0,20,0,22,0,22,0
blade-core,com.hellokaton.blade.options,CorsOptions,164,0,12,0,43,0,26,0,20,0
blade-core,com.hellokaton.blade.options,StaticOptions,82,0,0,0,16,0,13,0,13,0
blade-core,com.hellokaton.blade.ioc.bean,Scanner,215,0,34,0,6,0,31,0,14,0
blade-core,com.hellokaton.blade.ioc.bean,Scanner.ScannerBuilder,62,0,0,0,1,0,7,0,7,0
blade-core,com.hellokaton.blade.ioc.bean,FieldInjector,86,0,4,0,22,0,8,0,6,0
blade-core,com.hellokaton.blade.ioc.bean,ClassDefine,137,0,10,0,33,0,23,0,18,0
blade-core,com.hellokaton.blade.ioc.bean,BeanDefine,22,36,0,0,10,14,6,5,6,5
blade-core,com.hellokaton.blade.ioc.bean,ValueInjector,195,0,18,0,42,0,16,0,7,0
blade-core,com.hellokaton.blade.ioc.bean,OrderComparator,37,0,4,0,6,0,4,0,2,0
blade-core,com.hellokaton.blade.ioc.bean,ClassInfo,145,0,22,0,19,0,23,0,12,0
blade-core,com.hellokaton.blade.server.decode,FullHttpRequestDecode,23,0,0,0,6,0,3,0,3,0
blade-core,com.hellokaton.blade.server.decode,HttpObjectAggregatorDecode,125,0,10,0,25,0,8,0,3,0
blade-core,com.hellokaton.blade.server.decode,HttpObjectAggregatorDecode.new ChannelFutureListener() {...},22,0,2,0,5,0,3,0,2,0
blade-core,com.hellokaton.blade.server.decode,HttpObjectAggregatorDecode.new ChannelFutureListener() {...},22,0,2,0,5,0,3,0,2,0
blade-core,com.hellokaton.blade.server,HttpServerInitializer,430,0,48,0,85,0,33,0,9,0
blade-core,com.hellokaton.blade.server,StaticInputStream,53,0,2,0,13,0,4,0,3,0
blade-core,com.hellokaton.blade.server,NettyServer,1211,0,78,0,224,0,65,0,26,0
blade-core,com.hellokaton.blade.server,ProgressiveFutureListener,83,0,6,0,21,0,9,0,6,0
blade-core,com.hellokaton.blade.server,RouteMethodHandler.new BodyWriter() {...},206,0,8,0,41,0,10,0,6,0
blade-core,com.hellokaton.blade.server,NettyServerGroup.NettyServerGroupBuilder,50,0,0,0,1,0,6,0,6,0
blade-core,com.hellokaton.blade.server,StaticFileHandler.FileMeta,24,0,2,0,7,0,3,0,2,0
blade-core,com.hellokaton.blade.server,RouteMethodHandler,589,0,86,0,142,0,54,0,11,0
blade-core,com.hellokaton.blade.server,HttpServerHandler,297,0,26,0,72,0,29,0,16,0
blade-core,com.hellokaton.blade.server,EpollKit,30,0,0,0,4,0,2,0,2,0
blade-core,com.hellokaton.blade.server,StaticFileHandler,1347,0,126,0,288,0,87,0,24,0
blade-core,com.hellokaton.blade.server,NettyServerGroup,25,0,0,0,4,0,5,0,5,0
blade-core,com.hellokaton.blade.loader,BladeLoader,1,0,0,0,1,0,1,0,1,0
blade-core,com.hellokaton.blade.mvc.ui.template,UncheckedTemplateException,119,0,0,0,18,0,9,0,9,0
blade-core,com.hellokaton.blade.mvc.ui.template,BladeTemplate.State,54,0,0,0,6,0,1,0,1,0
blade-core,com.hellokaton.blade.mvc.ui.template,DefaultEngine,151,0,8,0,35,0,7,0,3,0
blade-core,com.hellokaton.blade.mvc.ui.template,BladeTemplate,550,0,73,0,135,0,73,0,33,0
blade-core,com.hellokaton.blade.mvc.hook,WebHook,2,0,0,0,1,0,1,0,1,0
blade-core,com.hellokaton.blade.mvc.http.session,SessionCleaner,46,0,2,0,12,0,5,0,4,0
blade-core,com.hellokaton.blade.mvc.http.session,SessionManager,71,0,0,0,19,0,6,0,6,0
blade-core,com.hellokaton.blade,Blade,1060,0,92,0,231,0,115,0,69,0
blade-core,com.hellokaton.blade,Environment,641,0,72,0,134,0,82,0,46,0
